name,entries,country
"""the brAIn""","179",
"{Tech} for Travel","167",
"2PAXfly","167",
"Accuweather","66",
"Adweek","58 98 169",
"Agence France-Presse (AFP)","172",
"Altitude Yes","167",
"Andy's Travel Blog","167",
"Antara","146",
"Asahi Shimbun","28",
"Atlas Obscura","169",
"ATXJetsetter","167",
"AWP Finanznachrichten AG","150",
"BaldThoughts","167",
"Bangor Daily News","104",
"Beijing Review","58",
"BeInCrypto","149",
"Benzinga","149",
"Broadway World","129",
"Celebrity Net Worth","54",
"City A.M.","95",
"CNN","170",
"Complex","95",
"Courthouse News Service","76",
"Craig Newmark Graduate School of Journalism","53",
"Creative Media","179",
"Danish Press Publications’ Collective Management Organization (DPCMO)","5 82",
"Der Spiegel","115 159",
"Diss Express","121",
"DPReview","98",
"Economondo","167",
"Economy Class & Beyond","167",
"EFE","58 87",
"Entrepreneur","115",
"Estadão","146",
"Exame","58",
"Exponential View","122",
"Eye of the Flyer","167",
"Fenland Citizen","121",
"Financial Times","88 152 171",
"Folha de S.Paulo","159",
"Fortune","61 88 115",
"Fox News","170",
"Fox Sports","170",
"Frequent Flyer Bonuses","167",
"FrequentMiler","167",
"From The Tray Table","78",
"Frommer's","87",
"Front Office Sports","105",
"FT Strategies","42",
"GB News","173",
"God Save the Points","167",
"Hawai'i Calling","167",
"Hello!","122",
"Hong Kong Economic Times","58",
"Hong Kong Free Press","95",
"Infobae","159",
"Inspired Taste","90",
"International News Media Association","31",
"Josh Trips","167",
"JournalismAI","38",
"KBS","18",
"Kent Live","122",
"KentOnline","121",
"Kompas","159",
"Kyiv Independent","157",
"Kyodo News","113",
"Le Figaro","61 120",
"Le Monde","61 89 143 170",
"Like Company","20",
"Lil' Luna","179",
"LincsOnline","121",
"Live and Let's Fly","167",
"Live from a Lounge","167",
"Los Angeles Times","22 61 98",
"Lynn News","121",
"Man of Many","138",
"Map Happy","95",
"MBC","18",
"MediaLab","98",
"Mexico News Daily","98",
"Michael W Travels","167",
"Mickey Visit","93",
"Miles for Family","167",
"Miles to Memories","167",
"Minkabu the Infonoid","98",
"MIT Technology Review","95",
"Moment Magazine","81",
"MoneySense","149",
"Monkey Miles","167",
"Nerd Ka Travel","167",
"New York Magazine","22 87",
"New York University’s Arthur L. Carter Journalism Institute","37",
"Newark Advertiser","121",
"Newbury Today","121",
"News/Media Alliance","96 153",
"NewsPicks","98",
"Nikkei","28",
"No Work All Travel","167",
"Northwestern University's Medill School of Journalism","50",
"Nota","39",
"One Mile at a Time","167",
"Online News Association","32",
"Out and Out","167",
"Parenting Patch","111",
"Pinch of Yum","133",
"Pizza In Motion","167",
"Plain Chicken","81",
"Plane 'n Simple","167",
"Point Me to the Plane","167",
"Pointalize","78",
"Points Miles and Bling","167",
"Points with a Crew","167",
"Pointshogger","167",
"PointsMath","167",
"Prospect Magazine","122",
"PYOK","167",
"Quillette","149",
"RecipeTin Eats","73",
"Red Ventures","69",
"Reuters","147 152",
"Running with Miles","167",
"Sam Chui","167",
"SBS","18",
"Scroll.in","64",
"Semafor","36",
"Skift","95",
"Snopes","59",
"South African news industry","49",
"Southern Bite","177",
"Stratford Herald","121",
"Stuff","165",
"StyleBlueprint","95",
"Süddeutsche Zeitung","120",
"Suffolk News","121",
"Tastes Better from Scratch","144",
"The Alviator","167",
"The Atlantic","22 58 88 99",
"The Battleground","179",
"The Bulkhead Seat","167",
"The Daily Caller","170",
"The Economist","99",
"The Gate with Brian Cohen","167",
"The GroundTruth Project","43",
"The Irish Times","114",
"The Media Copilot","179",
"The Nation","87",
"The New Republic","87",
"The New Voice of Ukraine","158",
"The Points of Life","167",
"The San Francisco Standard","47",
"The Takeoff Nap","167",
"The Texas Tribune","115",
"The Times of India","159",
"The Travel Sisters","167",
"The Washington Examiner","159 170",
"The Washington Post","55 61 110 147 150 159",
"TIME Magazine","35 115 147 169",
"TipRanks","95",
"Travel Codex","167",
"Travel Points Playbook","167",
"Travel with Grant","167",
"Traveling for Miles","167",
"Utility Dive","95",
"View from the Wing","167",
"Virginia Mercury","161",
"WAN-IFRA","30 33 40",
"Washingtonian","95",
"Wild About Travel","167",
"Will Run for Miles","167",
"Wingtips","167",
"WordPress.com","115",
"World History Encyclopedia","95 98",
"World Visualized","123",
"Worth Magazine","95",
"Yomiuri Shimbun","13",
"Yonhap","146",
"You Are Travel","167",
"Your Baby Club","109",
"Your Mileage May Vary","167",
